/Volumes/Public/Shared Videos/Movie Archive/127 Hours.m4v,127 Hours,/Volumes/Public/Shared Videos/Movie Archive/movieThumbs/127 Hours.jpg
/Volumes/Public/Shared Videos/Movie Archive/13 Assassins.m4v,13 Assassins,/Volumes/Public/Shared Videos/Movie Archive/movieThumbs/13 Assassins.jpg
/Volumes/Public/Shared Videos/Movie Archive/21 Jump Street.m4v,21 Jump Street,/Volumes/Public/Shared Videos/Movie Archive/movieThumbs/21 Jump Street.jpg
/Volumes/Public/Shared Videos/Movie Archive/22 Jump Street.m4v,22 Jump Street,/Volumes/Public/Shared Videos/Movie Archive/movieThumbs/22 Jump Street.jpg
/Volumes/Public/Shared Videos/Movie Archive/300.m4v,300,/Volumes/Public/Shared Videos/Movie Archive/movieThumbs/300.jpg
/Volumes/Public/Shared Videos/Movie Archive/A Beautiful Mind.m4v,A Beautiful Mind,/Volumes/Public/Shared Videos/Movie Archive/movieThumbs/A Beautiful Mind.jpg
/Volumes/Public/Shared Videos/Movie Archive/A View To A Kill.m4v,A View To A Kill,/Volumes/Public/Shared Videos/Movie Archive/movieThumbs/A View To A Kill.jpg
/Volumes/Public/Shared Videos/Movie Archive/ANCHORMAN.m4v,ANCHORMAN,/Volumes/Public/Shared Videos/Movie Archive/movieThumbs/ANCHORMAN.jpg
/Volumes/Public/Shared Videos/Movie Archive/ANTZ.m4v,ANTZ,/Volumes/Public/Shared Videos/Movie Archive/movieThumbs/ANTZ.jpg
/Volumes/Public/Shared Videos/Movie Archive/ARGO.m4v,ARGO,/Volumes/Public/Shared Videos/Movie Archive/movieThumbs/ARGO.jpg
/Volumes/Public/Shared Videos/Movie Archive/About a Boy.m4v,About a Boy,/Volumes/Public/Shared Videos/Movie Archive/movieThumbs/About a Boy.jpg
/Volumes/Public/Shared Videos/Movie Archive/Absolute Power.m4v,Absolute Power,/Volumes/Public/Shared Videos/Movie Archive/movieThumbs/Absolute Power.jpg
/Volumes/Public/Shared Videos/Movie Archive/Alan Partridge - Alpha Papa.m4v,Alan Partridge - Alpha Papa,/Volumes/Public/Shared Videos/Movie Archive/movieThumbs/Alan Partridge - Alpha Papa.jpg
/Volumes/Public/Shared Videos/Movie Archive/Alfie.mp4,Alfie,/Volumes/Public/Shared Videos/Movie Archive/movieThumbs/Alfie.jpg
/Volumes/Public/Shared Videos/Movie Archive/Alice in Wonderland.m4v,Alice in Wonderland,/Volumes/Public/Shared Videos/Movie Archive/movieThumbs/Alice in Wonderland.jpg
/Volumes/Public/Shared Videos/Movie Archive/American Beauty.m4v,American Beauty,/Volumes/Public/Shared Videos/Movie Archive/movieThumbs/American Beauty.jpg
/Volumes/Public/Shared Videos/Movie Archive/American Gangster.m4v,American Gangster,/Volumes/Public/Shared Videos/Movie Archive/movieThumbs/American Gangster.jpg
/Volumes/Public/Shared Videos/Movie Archive/American History X.m4v,American History X,/Volumes/Public/Shared Videos/Movie Archive/movieThumbs/American History X.jpg
/Volumes/Public/Shared Videos/Movie Archive/An Empress and the Warriors.m4v,An Empress and the Warriors,/Volumes/Public/Shared Videos/Movie Archive/movieThumbs/An Empress and the Warriors.jpg
/Volumes/Public/Shared Videos/Movie Archive/Anti Gravity 2.m4v,Anti Gravity 2,/Volumes/Public/Shared Videos/Movie Archive/movieThumbs/Anti Gravity 2.jpg
/Volumes/Public/Shared Videos/Movie Archive/Apocalypto.m4v,Apocalypto,/Volumes/Public/Shared Videos/Movie Archive/movieThumbs/Apocalypto.jpg
/Volumes/Public/Shared Videos/Movie Archive/Arthur Christmas.m4v,Arthur Christmas,/Volumes/Public/Shared Videos/Movie Archive/movieThumbs/Arthur Christmas.jpg
/Volumes/Public/Shared Videos/Movie Archive/Arthur.m4v,Arthur,/Volumes/Public/Shared Videos/Movie Archive/movieThumbs/Arthur.jpg
/Volumes/Public/Shared Videos/Movie Archive/As Good As It Gets.m4v,As Good As It Gets,/Volumes/Public/Shared Videos/Movie Archive/movieThumbs/As Good As It Gets.jpg
/Volumes/Public/Shared Videos/Movie Archive/Asgard Project.mov,Asgard Project,/Volumes/Public/Shared Videos/Movie Archive/movieThumbs/Asgard Project.jpg
/Volumes/Public/Shared Videos/Movie Archive/Atonement.m4v,Atonement,/Volumes/Public/Shared Videos/Movie Archive/movieThumbs/Atonement.jpg
/Volumes/Public/Shared Videos/Movie Archive/Austin Powers - Goldmember.m4v,Austin Powers - Goldmember,/Volumes/Public/Shared Videos/Movie Archive/movieThumbs/Austin Powers - Goldmember.jpg
/Volumes/Public/Shared Videos/Movie Archive/Austin Powers.m4v,Austin Powers,/Volumes/Public/Shared Videos/Movie Archive/movieThumbs/Austin Powers.jpg
/Volumes/Public/Shared Videos/Movie Archive/Autana.mp4,Autana,/Volumes/Public/Shared Videos/Movie Archive/movieThumbs/Autana.jpg
/Volumes/Public/Shared Videos/Movie Archive/Avatar.m4v,Avatar,/Volumes/Public/Shared Videos/Movie Archive/movieThumbs/Avatar.jpg
/Volumes/Public/Shared Videos/Movie Archive/BABEL.m4v,BABEL,/Volumes/Public/Shared Videos/Movie Archive/movieThumbs/BABEL.jpg
/Volumes/Public/Shared Videos/Movie Archive/BBC Storyville 2014 The Lance Armstrong Story Stop at Nothing.m4v,BBC Storyville 2014 The Lance Armstrong Story Stop at Nothing,/Volumes/Public/Shared Videos/Movie Archive/movieThumbs/BBC Storyville 2014 The Lance Armstrong Story Stop at Nothing.jpg
/Volumes/Public/Shared Videos/Movie Archive/BORAT.m4v,BORAT,/Volumes/Public/Shared Videos/Movie Archive/movieThumbs/BORAT.jpg
/Volumes/Public/Shared Videos/Movie Archive/BRAVE.m4v,BRAVE,/Volumes/Public/Shared Videos/Movie Archive/movieThumbs/BRAVE.jpg
/Volumes/Public/Shared Videos/Movie Archive/BRAVEHEART.m4v,BRAVEHEART,/Volumes/Public/Shared Videos/Movie Archive/movieThumbs/BRAVEHEART.jpg
/Volumes/Public/Shared Videos/Movie Archive/Batman Begins.m4v,Batman Begins,/Volumes/Public/Shared Videos/Movie Archive/movieThumbs/Batman Begins.jpg
/Volumes/Public/Shared Videos/Movie Archive/Behind Enemy Lines.mp4,Behind Enemy Lines,/Volumes/Public/Shared Videos/Movie Archive/movieThumbs/Behind Enemy Lines.jpg
/Volumes/Public/Shared Videos/Movie Archive/Being John Malkovich.m4v,Being John Malkovich,/Volumes/Public/Shared Videos/Movie Archive/movieThumbs/Being John Malkovich.jpg
/Volumes/Public/Shared Videos/Movie Archive/Best Exotic Marigold Hotel.m4v,Best Exotic Marigold Hotel,/Volumes/Public/Shared Videos/Movie Archive/movieThumbs/Best Exotic Marigold Hotel.jpg
/Volumes/Public/Shared Videos/Movie Archive/Big Daddy.m4v,Big Daddy,/Volumes/Public/Shared Videos/Movie Archive/movieThumbs/Big Daddy.jpg
/Volumes/Public/Shared Videos/Movie Archive/Billabong Odyssey Customs.m4v,Billabong Odyssey Customs,/Volumes/Public/Shared Videos/Movie Archive/movieThumbs/Billabong Odyssey Customs.jpg
/Volumes/Public/Shared Videos/Movie Archive/Billabong Odyssey.m4v,Billabong Odyssey,/Volumes/Public/Shared Videos/Movie Archive/movieThumbs/Billabong Odyssey.jpg
/Volumes/Public/Shared Videos/Movie Archive/Billy Connolly - Was It Something I Said.m4v,Billy Connolly - Was It Something I Said,/Volumes/Public/Shared Videos/Movie Archive/movieThumbs/Billy Connolly - Was It Something I Said.jpg
/Volumes/Public/Shared Videos/Movie Archive/Billy Connolly Live in New York.m4v,Billy Connolly Live in New York,/Volumes/Public/Shared Videos/Movie Archive/movieThumbs/Billy Connolly Live in New York.jpg
/Volumes/Public/Shared Videos/Movie Archive/Blade Runner.m4v,Blade Runner,/Volumes/Public/Shared Videos/Movie Archive/movieThumbs/Blade Runner.jpg
/Volumes/Public/Shared Videos/Movie Archive/Blood Diamond.mp4,Blood Diamond,/Volumes/Public/Shared Videos/Movie Archive/movieThumbs/Blood Diamond.jpg
/Volumes/Public/Shared Videos/Movie Archive/Blood and Bone.m4v,Blood and Bone,/Volumes/Public/Shared Videos/Movie Archive/movieThumbs/Blood and Bone.jpg
/Volumes/Public/Shared Videos/Movie Archive/Bodyguards and Assassins.m4v,Bodyguards and Assassins,/Volumes/Public/Shared Videos/Movie Archive/movieThumbs/Bodyguards and Assassins.jpg
/Volumes/Public/Shared Videos/Movie Archive/Breakfast at Tiffanys.m4v,Breakfast at Tiffanys,/Volumes/Public/Shared Videos/Movie Archive/movieThumbs/Breakfast at Tiffanys.jpg
/Volumes/Public/Shared Videos/Movie Archive/Bridesmaids.m4v,Bridesmaids,/Volumes/Public/Shared Videos/Movie Archive/movieThumbs/Bridesmaids.jpg
/Volumes/Public/Shared Videos/Movie Archive/Bulletproof Monk.mp4,Bulletproof Monk,/Volumes/Public/Shared Videos/Movie Archive/movieThumbs/Bulletproof Monk.jpg
/Volumes/Public/Shared Videos/Movie Archive/COLLATERAL.m4v,COLLATERAL,/Volumes/Public/Shared Videos/Movie Archive/movieThumbs/COLLATERAL.jpg
/Volumes/Public/Shared Videos/Movie Archive/Captain America - The First Avenger.m4v,Captain America - The First Avenger,/Volumes/Public/Shared Videos/Movie Archive/movieThumbs/Captain America - The First Avenger.jpg
/Volumes/Public/Shared Videos/Movie Archive/Captain America The Winter Soldier.m4v,Captain America The Winter Soldier,/Volumes/Public/Shared Videos/Movie Archive/movieThumbs/Captain America The Winter Soldier.jpg
/Volumes/Public/Shared Videos/Movie Archive/Cars 2.m4v,Cars 2,/Volumes/Public/Shared Videos/Movie Archive/movieThumbs/Cars 2.jpg
/Volumes/Public/Shared Videos/Movie Archive/Cars.mp4,Cars,/Volumes/Public/Shared Videos/Movie Archive/movieThumbs/Cars.jpg
/Volumes/Public/Shared Videos/Movie Archive/Casino Royale.m4v,Casino Royale,/Volumes/Public/Shared Videos/Movie Archive/movieThumbs/Casino Royale.jpg
/Volumes/Public/Shared Videos/Movie Archive/Cast Away.m4v,Cast Away,/Volumes/Public/Shared Videos/Movie Archive/movieThumbs/Cast Away.jpg
/Volumes/Public/Shared Videos/Movie Archive/Charlie Wilsons War.m4v,Charlie Wilsons War,/Volumes/Public/Shared Videos/Movie Archive/movieThumbs/Charlie Wilsons War.jpg
/Volumes/Public/Shared Videos/Movie Archive/Charlie and the Chocolate Factory.m4v,Charlie and the Chocolate Factory,/Volumes/Public/Shared Videos/Movie Archive/movieThumbs/Charlie and the Chocolate Factory.jpg
/Volumes/Public/Shared Videos/Movie Archive/Charlies Angels.m4v,Charlies Angels,/Volumes/Public/Shared Videos/Movie Archive/movieThumbs/Charlies Angels.jpg
/Volumes/Public/Shared Videos/Movie Archive/Charlies Angles 2.m4v,Charlies Angles 2,/Volumes/Public/Shared Videos/Movie Archive/movieThumbs/Charlies Angles 2.jpg
/Volumes/Public/Shared Videos/Movie Archive/City of Angels.m4v,City of Angels,/Volumes/Public/Shared Videos/Movie Archive/movieThumbs/City of Angels.jpg
/Volumes/Public/Shared Videos/Movie Archive/Coach Carter.mp4,Coach Carter,/Volumes/Public/Shared Videos/Movie Archive/movieThumbs/Coach Carter.jpg
/Volumes/Public/Shared Videos/Movie Archive/Cocktail.m4v,Cocktail,/Volumes/Public/Shared Videos/Movie Archive/movieThumbs/Cocktail.jpg
/Volumes/Public/Shared Videos/Movie Archive/Cradle 2 The Grave.mp4,Cradle 2 The Grave,/Volumes/Public/Shared Videos/Movie Archive/movieThumbs/Cradle 2 The Grave.jpg
/Volumes/Public/Shared Videos/Movie Archive/Crank.m4v,Crank,/Volumes/Public/Shared Videos/Movie Archive/movieThumbs/Crank.jpg
/Volumes/Public/Shared Videos/Movie Archive/DESPERADO.m4v,DESPERADO,/Volumes/Public/Shared Videos/Movie Archive/movieThumbs/DESPERADO.jpg
/Volumes/Public/Shared Videos/Movie Archive/Defintely Maybe.m4v,Defintely Maybe,/Volumes/Public/Shared Videos/Movie Archive/movieThumbs/Defintely Maybe.jpg
/Volumes/Public/Shared Videos/Movie Archive/Deja Vu.m4v,Deja Vu,/Volumes/Public/Shared Videos/Movie Archive/movieThumbs/Deja Vu.jpg
/Volumes/Public/Shared Videos/Movie Archive/Despicable Me 2.m4v,Despicable Me 2,/Volumes/Public/Shared Videos/Movie Archive/movieThumbs/Despicable Me 2.jpg
/Volumes/Public/Shared Videos/Movie Archive/Despicable Me.m4v,Despicable Me,/Volumes/Public/Shared Videos/Movie Archive/movieThumbs/Despicable Me.jpg
/Volumes/Public/Shared Videos/Movie Archive/Dreamgirls.m4v,Dreamgirls,/Volumes/Public/Shared Videos/Movie Archive/movieThumbs/Dreamgirls.jpg
/Volumes/Public/Shared Videos/Movie Archive/EL MARIACHI.m4v,EL MARIACHI,/Volumes/Public/Shared Videos/Movie Archive/movieThumbs/EL MARIACHI.jpg
/Volumes/Public/Shared Videos/Movie Archive/Eat Pray Love.m4v,Eat Pray Love,/Volumes/Public/Shared Videos/Movie Archive/movieThumbs/Eat Pray Love.jpg
/Volumes/Public/Shared Videos/Movie Archive/Enemy At The Gates.mp4,Enemy At The Gates,/Volumes/Public/Shared Videos/Movie Archive/movieThumbs/Enemy At The Gates.jpg
/Volumes/Public/Shared Videos/Movie Archive/Enter the Dragon (1973).m4v,Enter the Dragon (1973),/Volumes/Public/Shared Videos/Movie Archive/movieThumbs/Enter the Dragon (1973).jpg
/Volumes/Public/Shared Videos/Movie Archive/Fast Five.m4v,Fast Five,/Volumes/Public/Shared Videos/Movie Archive/movieThumbs/Fast Five.jpg
/Volumes/Public/Shared Videos/Movie Archive/Fast and Furious 2.m4v,Fast and Furious 2,/Volumes/Public/Shared Videos/Movie Archive/movieThumbs/Fast and Furious 2.jpg
/Volumes/Public/Shared Videos/Movie Archive/Fast and Furious 4.m4v,Fast and Furious 4,/Volumes/Public/Shared Videos/Movie Archive/movieThumbs/Fast and Furious 4.jpg
/Volumes/Public/Shared Videos/Movie Archive/Fast and Furious 6.m4v,Fast and Furious 6,/Volumes/Public/Shared Videos/Movie Archive/movieThumbs/Fast and Furious 6.jpg
/Volumes/Public/Shared Videos/Movie Archive/Fastest.m4v,Fastest,/Volumes/Public/Shared Videos/Movie Archive/movieThumbs/Fastest.jpg
/Volumes/Public/Shared Videos/Movie Archive/Father Christmas.m4v,Father Christmas,/Volumes/Public/Shared Videos/Movie Archive/movieThumbs/Father Christmas.jpg
/Volumes/Public/Shared Videos/Movie Archive/Finding Nemo.m4v,Finding Nemo,/Volumes/Public/Shared Videos/Movie Archive/movieThumbs/Finding Nemo.jpg
/Volumes/Public/Shared Videos/Movie Archive/Flight of the Navigator.m4v,Flight of the Navigator,/Volumes/Public/Shared Videos/Movie Archive/movieThumbs/Flight of the Navigator.jpg
/Volumes/Public/Shared Videos/Movie Archive/Fong Sai Yuk 2.m4v,Fong Sai Yuk 2,/Volumes/Public/Shared Videos/Movie Archive/movieThumbs/Fong Sai Yuk 2.jpg
/Volumes/Public/Shared Videos/Movie Archive/Fong Sai Yuk.m4v,Fong Sai Yuk,/Volumes/Public/Shared Videos/Movie Archive/movieThumbs/Fong Sai Yuk.jpg
/Volumes/Public/Shared Videos/Movie Archive/For Your Eyes Only.m4v,For Your Eyes Only,/Volumes/Public/Shared Videos/Movie Archive/movieThumbs/For Your Eyes Only.jpg
/Volumes/Public/Shared Videos/Movie Archive/Forest Gump.m4v,Forest Gump,/Volumes/Public/Shared Videos/Movie Archive/movieThumbs/Forest Gump.jpg
/Volumes/Public/Shared Videos/Movie Archive/Four Lions.m4v,Four Lions,/Volumes/Public/Shared Videos/Movie Archive/movieThumbs/Four Lions.jpg
/Volumes/Public/Shared Videos/Movie Archive/From Russia With Love.m4v,From Russia With Love,/Volumes/Public/Shared Videos/Movie Archive/movieThumbs/From Russia With Love.jpg
/Volumes/Public/Shared Videos/Movie Archive/G765194.m4v,G765194,/Volumes/Public/Shared Videos/Movie Archive/movieThumbs/G765194.jpg
/Volumes/Public/Shared Videos/Movie Archive/GI Joe Retaliation.m4v,GI Joe Retaliation,/Volumes/Public/Shared Videos/Movie Archive/movieThumbs/GI Joe Retaliation.jpg
/Volumes/Public/Shared Videos/Movie Archive/Gangster No1.m4v,Gangster No1,/Volumes/Public/Shared Videos/Movie Archive/movieThumbs/Gangster No1.jpg
/Volumes/Public/Shared Videos/Movie Archive/Gangster Squad.m4v,Gangster Squad,/Volumes/Public/Shared Videos/Movie Archive/movieThumbs/Gangster Squad.jpg
/Volumes/Public/Shared Videos/Movie Archive/Get Carter.m4v,Get Carter,/Volumes/Public/Shared Videos/Movie Archive/movieThumbs/Get Carter.jpg
/Volumes/Public/Shared Videos/Movie Archive/Ghost.m4v,Ghost,/Volumes/Public/Shared Videos/Movie Archive/movieThumbs/Ghost.jpg
/Volumes/Public/Shared Videos/Movie Archive/Gladiator.m4v,Gladiator,/Volumes/Public/Shared Videos/Movie Archive/movieThumbs/Gladiator.jpg
/Volumes/Public/Shared Videos/Movie Archive/Grand Budapest Hotel.m4v,Grand Budapest Hotel,/Volumes/Public/Shared Videos/Movie Archive/movieThumbs/Grand Budapest Hotel.jpg
/Volumes/Public/Shared Videos/Movie Archive/HARA KIRI - Death of a Samurai.m4v,HARA KIRI - Death of a Samurai,/Volumes/Public/Shared Videos/Movie Archive/movieThumbs/HARA KIRI - Death of a Samurai.jpg
/Volumes/Public/Shared Videos/Movie Archive/HUGO.m4v,HUGO,/Volumes/Public/Shared Videos/Movie Archive/movieThumbs/HUGO.jpg
/Volumes/Public/Shared Videos/Movie Archive/Happy Feet Two.m4v,Happy Feet Two,/Volumes/Public/Shared Videos/Movie Archive/movieThumbs/Happy Feet Two.jpg
/Volumes/Public/Shared Videos/Movie Archive/Hot Shots Part Deux.m4v,Hot Shots Part Deux,/Volumes/Public/Shared Videos/Movie Archive/movieThumbs/Hot Shots Part Deux.jpg
/Volumes/Public/Shared Videos/Movie Archive/Hot Shots.m4v,Hot Shots,/Volumes/Public/Shared Videos/Movie Archive/movieThumbs/Hot Shots.jpg
/Volumes/Public/Shared Videos/Movie Archive/Inception.m4v,Inception,/Volumes/Public/Shared Videos/Movie Archive/movieThumbs/Inception.jpg
/Volumes/Public/Shared Videos/Movie Archive/Iron Man 3.m4v,Iron Man 3,/Volumes/Public/Shared Videos/Movie Archive/movieThumbs/Iron Man 3.jpg
/Volumes/Public/Shared Videos/Movie Archive/Jaws.m4v,Jaws,/Volumes/Public/Shared Videos/Movie Archive/movieThumbs/Jaws.jpg
/Volumes/Public/Shared Videos/Movie Archive/Jerry Maguire.m4v,Jerry Maguire,/Volumes/Public/Shared Videos/Movie Archive/movieThumbs/Jerry Maguire.jpg
/Volumes/Public/Shared Videos/Movie Archive/John Carter.m4v,John Carter,/Volumes/Public/Shared Videos/Movie Archive/movieThumbs/John Carter.jpg
/Volumes/Public/Shared Videos/Movie Archive/Just Go With It.m4v,Just Go With It,/Volumes/Public/Shared Videos/Movie Archive/movieThumbs/Just Go With It.jpg
/Volumes/Public/Shared Videos/Movie Archive/Killer Elite.m4v,Killer Elite,/Volumes/Public/Shared Videos/Movie Archive/movieThumbs/Killer Elite.jpg
/Volumes/Public/Shared Videos/Movie Archive/Killing Season.m4v,Killing Season,/Volumes/Public/Shared Videos/Movie Archive/movieThumbs/Killing Season.jpg
/Volumes/Public/Shared Videos/Movie Archive/King Kong.m4v,King Kong,/Volumes/Public/Shared Videos/Movie Archive/movieThumbs/King Kong.jpg
/Volumes/Public/Shared Videos/Movie Archive/Kung Fu Panda 2.m4v,Kung Fu Panda 2,/Volumes/Public/Shared Videos/Movie Archive/movieThumbs/Kung Fu Panda 2.jpg
/Volumes/Public/Shared Videos/Movie Archive/Law Abiding Citizen.m4v,Law Abiding Citizen,/Volumes/Public/Shared Videos/Movie Archive/movieThumbs/Law Abiding Citizen.jpg
/Volumes/Public/Shared Videos/Movie Archive/Legend of the Shadowless Sword.m4v,Legend of the Shadowless Sword,/Volumes/Public/Shared Videos/Movie Archive/movieThumbs/Legend of the Shadowless Sword.jpg
/Volumes/Public/Shared Videos/Movie Archive/Life As We Know It.m4v,Life As We Know It,/Volumes/Public/Shared Videos/Movie Archive/movieThumbs/Life As We Know It.jpg
/Volumes/Public/Shared Videos/Movie Archive/Limitless.m4v,Limitless,/Volumes/Public/Shared Videos/Movie Archive/movieThumbs/Limitless.jpg
/Volumes/Public/Shared Videos/Movie Archive/Little Miss Sunshine.m4v,Little Miss Sunshine,/Volumes/Public/Shared Videos/Movie Archive/movieThumbs/Little Miss Sunshine.jpg
/Volumes/Public/Shared Videos/Movie Archive/Machete.m4v,Machete,/Volumes/Public/Shared Videos/Movie Archive/movieThumbs/Machete.jpg
/Volumes/Public/Shared Videos/Movie Archive/Madagascar.m4v,Madagascar,/Volumes/Public/Shared Videos/Movie Archive/movieThumbs/Madagascar.jpg
/Volumes/Public/Shared Videos/Movie Archive/Mam of Steel.m4v,Mam of Steel,/Volumes/Public/Shared Videos/Movie Archive/movieThumbs/Mam of Steel.jpg
/Volumes/Public/Shared Videos/Movie Archive/Man On A Ledge.m4v,Man On A Ledge,/Volumes/Public/Shared Videos/Movie Archive/movieThumbs/Man On A Ledge.jpg
/Volumes/Public/Shared Videos/Movie Archive/March of the Penguins.m4v,March of the Penguins,/Volumes/Public/Shared Videos/Movie Archive/movieThumbs/March of the Penguins.jpg
/Volumes/Public/Shared Videos/Movie Archive/Marvels The Avengers.m4v,Marvels The Avengers,/Volumes/Public/Shared Videos/Movie Archive/movieThumbs/Marvels The Avengers.jpg
/Volumes/Public/Shared Videos/Movie Archive/Master and Commander.m4v,Master and Commander,/Volumes/Public/Shared Videos/Movie Archive/movieThumbs/Master and Commander.jpg
/Volumes/Public/Shared Videos/Movie Archive/Meet the Fockers.m4v,Meet the Fockers,/Volumes/Public/Shared Videos/Movie Archive/movieThumbs/Meet the Fockers.jpg
/Volumes/Public/Shared Videos/Movie Archive/Memoirs of a Geisha.m4v,Memoirs of a Geisha,/Volumes/Public/Shared Videos/Movie Archive/movieThumbs/Memoirs of a Geisha.jpg
/Volumes/Public/Shared Videos/Movie Archive/Men In Black 3.m4v,Men In Black 3,/Volumes/Public/Shared Videos/Movie Archive/movieThumbs/Men In Black 3.jpg
/Volumes/Public/Shared Videos/Movie Archive/Merantau Warrior.m4v,Merantau Warrior,/Volumes/Public/Shared Videos/Movie Archive/movieThumbs/Merantau Warrior.jpg
/Volumes/Public/Shared Videos/Movie Archive/Michael Clayton.m4v,Michael Clayton,/Volumes/Public/Shared Videos/Movie Archive/movieThumbs/Michael Clayton.jpg
/Volumes/Public/Shared Videos/Movie Archive/Minority Report.m4v,Minority Report,/Volumes/Public/Shared Videos/Movie Archive/movieThumbs/Minority Report.jpg
/Volumes/Public/Shared Videos/Movie Archive/Mission Impossible 2.m4v,Mission Impossible 2,/Volumes/Public/Shared Videos/Movie Archive/movieThumbs/Mission Impossible 2.jpg
/Volumes/Public/Shared Videos/Movie Archive/Mission Impossible 3.m4v,Mission Impossible 3,/Volumes/Public/Shared Videos/Movie Archive/movieThumbs/Mission Impossible 3.jpg
/Volumes/Public/Shared Videos/Movie Archive/Mission Impossible 4 Ghost Protocol.m4v,Mission Impossible 4 Ghost Protocol,/Volumes/Public/Shared Videos/Movie Archive/movieThumbs/Mission Impossible 4 Ghost Protocol.jpg
/Volumes/Public/Shared Videos/Movie Archive/Mission Impossible.m4v,Mission Impossible,/Volumes/Public/Shared Videos/Movie Archive/movieThumbs/Mission Impossible.jpg
/Volumes/Public/Shared Videos/Movie Archive/Moneyball.m4v,Moneyball,/Volumes/Public/Shared Videos/Movie Archive/movieThumbs/Moneyball.jpg
/Volumes/Public/Shared Videos/Movie Archive/Monsters Inc.m4v,Monsters Inc,/Volumes/Public/Shared Videos/Movie Archive/movieThumbs/Monsters Inc.jpg
/Volumes/Public/Shared Videos/Movie Archive/Monsters University.m4v,Monsters University,/Volumes/Public/Shared Videos/Movie Archive/movieThumbs/Monsters University.jpg
/Volumes/Public/Shared Videos/Movie Archive/Morning Glory.m4v,Morning Glory,/Volumes/Public/Shared Videos/Movie Archive/movieThumbs/Morning Glory.jpg
/Volumes/Public/Shared Videos/Movie Archive/Mr Deeds.m4v,Mr Deeds,/Volumes/Public/Shared Videos/Movie Archive/movieThumbs/Mr Deeds.jpg
/Volumes/Public/Shared Videos/Movie Archive/Mulan.m4v,Mulan,/Volumes/Public/Shared Videos/Movie Archive/movieThumbs/Mulan.jpg
/Volumes/Public/Shared Videos/Movie Archive/Muppet Treasure Island.m4v,Muppet Treasure Island,/Volumes/Public/Shared Videos/Movie Archive/movieThumbs/Muppet Treasure Island.jpg
/Volumes/Public/Shared Videos/Movie Archive/NORMAL_DVD_PROJECT.m4v,NORMAL_DVD_PROJECT,/Volumes/Public/Shared Videos/Movie Archive/movieThumbs/NORMAL_DVD_PROJECT.jpg
/Volumes/Public/Shared Videos/Movie Archive/New Years Eve.m4v,New Years Eve,/Volumes/Public/Shared Videos/Movie Archive/movieThumbs/New Years Eve.jpg
/Volumes/Public/Shared Videos/Movie Archive/Now You See Me.m4v,Now You See Me,/Volumes/Public/Shared Videos/Movie Archive/movieThumbs/Now You See Me.jpg
/Volumes/Public/Shared Videos/Movie Archive/Octopussy.m4v,Octopussy,/Volumes/Public/Shared Videos/Movie Archive/movieThumbs/Octopussy.jpg
/Volumes/Public/Shared Videos/Movie Archive/One For The Money.m4v,One For The Money,/Volumes/Public/Shared Videos/Movie Archive/movieThumbs/One For The Money.jpg
/Volumes/Public/Shared Videos/Movie Archive/PAUL.m4v,PAUL,/Volumes/Public/Shared Videos/Movie Archive/movieThumbs/PAUL.jpg
/Volumes/Public/Shared Videos/Movie Archive/Patriot Games.m4v,Patriot Games,/Volumes/Public/Shared Videos/Movie Archive/movieThumbs/Patriot Games.jpg
/Volumes/Public/Shared Videos/Movie Archive/Paycheck.m4v,Paycheck,/Volumes/Public/Shared Videos/Movie Archive/movieThumbs/Paycheck.jpg
/Volumes/Public/Shared Videos/Movie Archive/Pearl Harbour.m4v,Pearl Harbour,/Volumes/Public/Shared Videos/Movie Archive/movieThumbs/Pearl Harbour.jpg
/Volumes/Public/Shared Videos/Movie Archive/Pretty Woman.m4v,Pretty Woman,/Volumes/Public/Shared Videos/Movie Archive/movieThumbs/Pretty Woman.jpg
/Volumes/Public/Shared Videos/Movie Archive/Project X.m4v,Project X,/Volumes/Public/Shared Videos/Movie Archive/movieThumbs/Project X.jpg
/Volumes/Public/Shared Videos/Movie Archive/Pulp Fiction.m4v,Pulp Fiction,/Volumes/Public/Shared Videos/Movie Archive/movieThumbs/Pulp Fiction.jpg
/Volumes/Public/Shared Videos/Movie Archive/RED 2.m4v,RED 2,/Volumes/Public/Shared Videos/Movie Archive/movieThumbs/RED 2.jpg
/Volumes/Public/Shared Videos/Movie Archive/RUSH.m4v,RUSH,/Volumes/Public/Shared Videos/Movie Archive/movieThumbs/RUSH.jpg
/Volumes/Public/Shared Videos/Movie Archive/Racing to the Rainbow.m4v,Racing to the Rainbow,/Volumes/Public/Shared Videos/Movie Archive/movieThumbs/Racing to the Rainbow.jpg
/Volumes/Public/Shared Videos/Movie Archive/Red Cliff Three Kingdoms.m4v,Red Cliff Three Kingdoms,/Volumes/Public/Shared Videos/Movie Archive/movieThumbs/Red Cliff Three Kingdoms.jpg
/Volumes/Public/Shared Videos/Movie Archive/Robin Hood Prince of Thieves.m4v,Robin Hood Prince of Thieves,/Volumes/Public/Shared Videos/Movie Archive/movieThumbs/Robin Hood Prince of Thieves.jpg
/Volumes/Public/Shared Videos/Movie Archive/Roman Holiday.m4v,Roman Holiday,/Volumes/Public/Shared Videos/Movie Archive/movieThumbs/Roman Holiday.jpg
/Volumes/Public/Shared Videos/Movie Archive/Romeo and Juliet.m4v,Romeo and Juliet,/Volumes/Public/Shared Videos/Movie Archive/movieThumbs/Romeo and Juliet.jpg
/Volumes/Public/Shared Videos/Movie Archive/SAFE.m4v,SAFE,/Volumes/Public/Shared Videos/Movie Archive/movieThumbs/SAFE.jpg
/Volumes/Public/Shared Videos/Movie Archive/SKYFALL.m4v,SKYFALL,/Volumes/Public/Shared Videos/Movie Archive/movieThumbs/SKYFALL.jpg
/Volumes/Public/Shared Videos/Movie Archive/Safe House.m4v,Safe House,/Volumes/Public/Shared Videos/Movie Archive/movieThumbs/Safe House.jpg
/Volumes/Public/Shared Videos/Movie Archive/Sex and the City.m4v,Sex and the City,/Volumes/Public/Shared Videos/Movie Archive/movieThumbs/Sex and the City.jpg
/Volumes/Public/Shared Videos/Movie Archive/Shallow Hal.m4v,Shallow Hal,/Volumes/Public/Shared Videos/Movie Archive/movieThumbs/Shallow Hal.jpg
/Volumes/Public/Shared Videos/Movie Archive/Shaun of the Dead.m4v,Shaun of the Dead,/Volumes/Public/Shared Videos/Movie Archive/movieThumbs/Shaun of the Dead.jpg
/Volumes/Public/Shared Videos/Movie Archive/Sherlock Holmes - A Game of Shadows.m4v,Sherlock Holmes - A Game of Shadows,/Volumes/Public/Shared Videos/Movie Archive/movieThumbs/Sherlock Holmes - A Game of Shadows.jpg
/Volumes/Public/Shared Videos/Movie Archive/Sherlock Holmes.m4v,Sherlock Holmes,/Volumes/Public/Shared Videos/Movie Archive/movieThumbs/Sherlock Holmes.jpg
/Volumes/Public/Shared Videos/Movie Archive/Short Circuit.m4v,Short Circuit,/Volumes/Public/Shared Videos/Movie Archive/movieThumbs/Short Circuit.jpg
/Volumes/Public/Shared Videos/Movie Archive/Shrek 2.m4v,Shrek 2,/Volumes/Public/Shared Videos/Movie Archive/movieThumbs/Shrek 2.jpg
/Volumes/Public/Shared Videos/Movie Archive/Slumdog Millionaire.m4v,Slumdog Millionaire,/Volumes/Public/Shared Videos/Movie Archive/movieThumbs/Slumdog Millionaire.jpg
/Volumes/Public/Shared Videos/Movie Archive/Spiderman.m4v,Spiderman,/Volumes/Public/Shared Videos/Movie Archive/movieThumbs/Spiderman.jpg
/Volumes/Public/Shared Videos/Movie Archive/Spy Game.m4v,Spy Game,/Volumes/Public/Shared Videos/Movie Archive/movieThumbs/Spy Game.jpg
/Volumes/Public/Shared Videos/Movie Archive/Star Trek - First Contact.m4v,Star Trek - First Contact,/Volumes/Public/Shared Videos/Movie Archive/movieThumbs/Star Trek - First Contact.jpg
/Volumes/Public/Shared Videos/Movie Archive/Star Trek - Into Darkness.m4v,Star Trek - Into Darkness,/Volumes/Public/Shared Videos/Movie Archive/movieThumbs/Star Trek - Into Darkness.jpg
/Volumes/Public/Shared Videos/Movie Archive/TT Closer To The Edge.m4v,TT Closer To The Edge,/Volumes/Public/Shared Videos/Movie Archive/movieThumbs/TT Closer To The Edge.jpg
/Volumes/Public/Shared Videos/Movie Archive/Tangled.m4v,Tangled,/Volumes/Public/Shared Videos/Movie Archive/movieThumbs/Tangled.jpg
/Volumes/Public/Shared Videos/Movie Archive/The Adjustment Bureau.m4v,The Adjustment Bureau,/Volumes/Public/Shared Videos/Movie Archive/movieThumbs/The Adjustment Bureau.jpg
/Volumes/Public/Shared Videos/Movie Archive/The Blind Side.m4v,The Blind Side,/Volumes/Public/Shared Videos/Movie Archive/movieThumbs/The Blind Side.jpg
/Volumes/Public/Shared Videos/Movie Archive/The Bounty Hunter.m4v,The Bounty Hunter,/Volumes/Public/Shared Videos/Movie Archive/movieThumbs/The Bounty Hunter.jpg
/Volumes/Public/Shared Videos/Movie Archive/The Bourne Legacy.m4v,The Bourne Legacy,/Volumes/Public/Shared Videos/Movie Archive/movieThumbs/The Bourne Legacy.jpg
/Volumes/Public/Shared Videos/Movie Archive/The Bourne Supremacy.m4v,The Bourne Supremacy,/Volumes/Public/Shared Videos/Movie Archive/movieThumbs/The Bourne Supremacy.jpg
/Volumes/Public/Shared Videos/Movie Archive/The Dark Knight Rises no subs.m4v,The Dark Knight Rises no subs,/Volumes/Public/Shared Videos/Movie Archive/movieThumbs/The Dark Knight Rises no subs.jpg
/Volumes/Public/Shared Videos/Movie Archive/The Dark Knight Rises.m4v,The Dark Knight Rises,/Volumes/Public/Shared Videos/Movie Archive/movieThumbs/The Dark Knight Rises.jpg
/Volumes/Public/Shared Videos/Movie Archive/The Dictator.m4v,The Dictator,/Volumes/Public/Shared Videos/Movie Archive/movieThumbs/The Dictator.jpg
/Volumes/Public/Shared Videos/Movie Archive/The Expendables 2.m4v,The Expendables 2,/Volumes/Public/Shared Videos/Movie Archive/movieThumbs/The Expendables 2.jpg
/Volumes/Public/Shared Videos/Movie Archive/The Expendables.m4v,The Expendables,/Volumes/Public/Shared Videos/Movie Archive/movieThumbs/The Expendables.jpg
/Volumes/Public/Shared Videos/Movie Archive/The Forbidden Kingdom.m4v,The Forbidden Kingdom,/Volumes/Public/Shared Videos/Movie Archive/movieThumbs/The Forbidden Kingdom.jpg
/Volumes/Public/Shared Videos/Movie Archive/The Great Escape.m4v,The Great Escape,/Volumes/Public/Shared Videos/Movie Archive/movieThumbs/The Great Escape.jpg
/Volumes/Public/Shared Videos/Movie Archive/The Great Gatsby.m4v,The Great Gatsby,/Volumes/Public/Shared Videos/Movie Archive/movieThumbs/The Great Gatsby.jpg
/Volumes/Public/Shared Videos/Movie Archive/The Green Mile.m4v,The Green Mile,/Volumes/Public/Shared Videos/Movie Archive/movieThumbs/The Green Mile.jpg
/Volumes/Public/Shared Videos/Movie Archive/The Hangover.m4v,The Hangover,/Volumes/Public/Shared Videos/Movie Archive/movieThumbs/The Hangover.jpg
/Volumes/Public/Shared Videos/Movie Archive/The Hobbit An Unexpected Journey.m4v,The Hobbit An Unexpected Journey,/Volumes/Public/Shared Videos/Movie Archive/movieThumbs/The Hobbit An Unexpected Journey.jpg
/Volumes/Public/Shared Videos/Movie Archive/The Hobbit The Desolation of Smaug.m4v,The Hobbit The Desolation of Smaug,/Volumes/Public/Shared Videos/Movie Archive/movieThumbs/The Hobbit The Desolation of Smaug.jpg
/Volumes/Public/Shared Videos/Movie Archive/The Holiday.m4v,The Holiday,/Volumes/Public/Shared Videos/Movie Archive/movieThumbs/The Holiday.jpg
/Volumes/Public/Shared Videos/Movie Archive/The Hunt For Red October.m4v,The Hunt For Red October,/Volumes/Public/Shared Videos/Movie Archive/movieThumbs/The Hunt For Red October.jpg
/Volumes/Public/Shared Videos/Movie Archive/The Ides of March.m4v,The Ides of March,/Volumes/Public/Shared Videos/Movie Archive/movieThumbs/The Ides of March.jpg
/Volumes/Public/Shared Videos/Movie Archive/The Lego Movie.m4v,The Lego Movie,/Volumes/Public/Shared Videos/Movie Archive/movieThumbs/The Lego Movie.jpg
/Volumes/Public/Shared Videos/Movie Archive/The Monuments Men.m4v,The Monuments Men,/Volumes/Public/Shared Videos/Movie Archive/movieThumbs/The Monuments Men.jpg
/Volumes/Public/Shared Videos/Movie Archive/The Sitter.m4v,The Sitter,/Volumes/Public/Shared Videos/Movie Archive/movieThumbs/The Sitter.jpg
/Volumes/Public/Shared Videos/Movie Archive/The Tourist.m4v,The Tourist,/Volumes/Public/Shared Videos/Movie Archive/movieThumbs/The Tourist.jpg
/Volumes/Public/Shared Videos/Movie Archive/The Wolf of Wall Street.m4v,The Wolf of Wall Street,/Volumes/Public/Shared Videos/Movie Archive/movieThumbs/The Wolf of Wall Street.jpg
/Volumes/Public/Shared Videos/Movie Archive/The Wolverine.m4v,The Wolverine,/Volumes/Public/Shared Videos/Movie Archive/movieThumbs/The Wolverine.jpg
/Volumes/Public/Shared Videos/Movie Archive/Thor - The Dark World.m4v,Thor - The Dark World,/Volumes/Public/Shared Videos/Movie Archive/movieThumbs/Thor - The Dark World.jpg
/Volumes/Public/Shared Videos/Movie Archive/Tinker Tailer Soldier Spy.m4v,Tinker Tailer Soldier Spy,/Volumes/Public/Shared Videos/Movie Archive/movieThumbs/Tinker Tailer Soldier Spy.jpg
/Volumes/Public/Shared Videos/Movie Archive/Warrior.m4v,Warrior,/Volumes/Public/Shared Videos/Movie Archive/movieThumbs/Warrior.jpg
/Volumes/Public/Shared Videos/Movie Archive/YOGA_FOR_ATHLETES_1.m4v,YOGA_FOR_ATHLETES_1,/Volumes/Public/Shared Videos/Movie Archive/movieThumbs/YOGA_FOR_ATHLETES_1.jpg
/Volumes/Public/Shared Videos/Movie Archive/YOGA_FOR_ATHLETES_2.m4v,YOGA_FOR_ATHLETES_2,/Volumes/Public/Shared Videos/Movie Archive/movieThumbs/YOGA_FOR_ATHLETES_2.jpg
/Volumes/Public/Shared Videos/Movie Archive/YOGA_FOR_ATHLETES_3.m4v,YOGA_FOR_ATHLETES_3,/Volumes/Public/Shared Videos/Movie Archive/movieThumbs/YOGA_FOR_ATHLETES_3.jpg
